IMG_ID,GUESS,IMG_SEQ
2ecb8f54-57dc-11ea-bbbb-001a7dda7113,0950,0_0.jpg
2edce888-57dc-11ea-84c3-001a7dda7113,1676372,0_1.jpg
2f486cda-57dc-11ea-b7f6-001a7dda7113,3260,0_10.jpg
34804acc-57dc-11ea-b28f-001a7dda7113,275026,0_100.jpg
34949c0a-57dc-11ea-a148-001a7dda7113,866286,0_101.jpg
34a02ce6-57dc-11ea-9896-001a7dda7113,841,0_102.jpg
34b6b2be-57dc-11ea-8d0e-001a7dda7113,0523653,0_103.jpg
34c1ceae-57dc-11ea-889e-001a7dda7113,38816,0_104.jpg
34d4fb70-57dc-11ea-a609-001a7dda7113,6112632,0_105.jpg
34e7b352-57dc-11ea-82f1-001a7dda7113,2817,0_106.jpg
34f41ac6-57dc-11ea-89d5-001a7dda7113,58142,0_107.jpg
3500954c-57dc-11ea-8a69-001a7dda7113,782987,0_108.jpg
3509ddc2-57dc-11ea-a068-001a7dda7113,885,0_109.jpg
2f613b10-57dc-11ea-ab61-001a7dda7113,429034,0_11.jpg
351a1312-57dc-11ea-ae2b-001a7dda7113,2,0_110.jpg
352cdeb6-57dc-11ea-a321-001a7dda7113,751053,0_111.jpg
35369c02-57dc-11ea-84f8-001a7dda7113,7804,0_112.jpg
35405964-57dc-11ea-9300-001a7dda7113,676,0_113.jpg
354d21dc-57dc-11ea-b601-001a7dda7113,20820,0_114.jpg
3559757a-57dc-11ea-9bff-001a7dda7113,538223,0_115.jpg
356700c6-57dc-11ea-a03e-001a7dda7113,156522,0_116.jpg
3571f5d0-57dc-11ea-bbed-001a7dda7113,7553,0_117.jpg
357bda1c-57dc-11ea-b4cc-001a7dda7113,268,0_118.jpg
35886866-57dc-11ea-8e0a-001a7dda7113,98628,0_119.jpg
2f7406c6-57dc-11ea-aa1e-001a7dda7113,55437,0_12.jpg
35937128-57dc-11ea-9c29-001a7dda7113,49205,0_120.jpg
35a51858-57dc-11ea-af70-001a7dda7113,22183,0_121.jpg
35c1669a-57dc-11ea-beed-001a7dda7113,2457,0_122.jpg
35de9e98-57dc-11ea-a01a-001a7dda7113,3869388,0_123.jpg
35e9ba8a-57dc-11ea-9720-001a7dda7113,00,0_124.jpg
35f91952-57dc-11ea-9672-001a7dda7113,057672,0_125.jpg
36080342-57dc-11ea-8ec2-001a7dda7113,5067,0_126.jpg
361e2802-57dc-11ea-8214-001a7dda7113,72622,0_127.jpg
362f0c5c-57dc-11ea-9a98-001a7dda7113,2545,0_128.jpg
363bd4dc-57dc-11ea-997f-001a7dda7113,3362,0_129.jpg
2f803370-57dc-11ea-a888-001a7dda7113,2278,0_13.jpg
3648eb46-57dc-11ea-9c0d-001a7dda7113,628,0_130.jpg
365933d2-57dc-11ea-8d63-001a7dda7113,51528,0_131.jpg
3665fc4c-57dc-11ea-9200-001a7dda7113,554,0_132.jpg
367e1b8c-57dc-11ea-aa4b-001a7dda7113,833062,0_133.jpg
368ba6ee-57dc-11ea-82c9-001a7dda7113,70260,0_134.jpg
369d2710-57dc-11ea-a27d-001a7dda7113,58520,0_135.jpg
36aad94c-57dc-11ea-88a9-001a7dda7113,6298,0_136.jpg
36bb48d2-57dc-11ea-979e-001a7dda7113,808168,0_137.jpg
36cf8642-57dc-11ea-98cf-001a7dda7113,665,0_138.jpg
36e03076-57dc-11ea-acad-001a7dda7113,228,0_139.jpg
2f8c9ad4-57dc-11ea-a69d-001a7dda7113,28425,0_14.jpg
36f557ae-57dc-11ea-a293-001a7dda7113,528668,0_140.jpg
370601f4-57dc-11ea-83f5-001a7dda7113,4366,0_141.jpg
371dac4c-57dc-11ea-b1d9-001a7dda7113,72555,0_142.jpg
372a9bc0-57dc-11ea-85c6-001a7dda7113,2075,0_143.jpg
373f9c02-57dc-11ea-987b-001a7dda7113,244,0_144.jpg
374e5f02-57dc-11ea-b1c4-001a7dda7113,07883,0_145.jpg
375c113e-57dc-11ea-a710-001a7dda7113,65,0_146.jpg
3765ce92-57dc-11ea-a545-001a7dda7113,088,0_147.jpg
3773e276-57dc-11ea-b1e9-001a7dda7113,84120,0_148.jpg
37850198-57dc-11ea-8d26-001a7dda7113,302832,0_149.jpg
2f987992-57dc-11ea-8ec9-001a7dda7113,6642,0_15.jpg
37952324-57dc-11ea-b96c-001a7dda7113,6448,0_150.jpg
37a876ee-57dc-11ea-9803-001a7dda7113,422246,0_151.jpg
37c05b50-57dc-11ea-8901-001a7dda7113,722035,0_152.jpg
37cce9a8-57dc-11ea-86ce-001a7dda7113,0556,0_153.jpg
37e5b7dc-57dc-11ea-81ac-001a7dda7113,5033028,0_154.jpg
37f1969c-57dc-11ea-addc-001a7dda7113,98,0_155.jpg
380648f6-57dc-11ea-a5ae-001a7dda7113,60685,0_156.jpg
38188bf8-57dc-11ea-9283-001a7dda7113,485372,0_157.jpg
382cc96e-57dc-11ea-add4-001a7dda7113,5652587,0_158.jpg
383c761e-57dc-11ea-8b26-001a7dda7113,54216,0_159.jpg
2fa5420c-57dc-11ea-ae92-001a7dda7113,72049,0_16.jpg
384e922c-57dc-11ea-b0a5-001a7dda7113,39257,0_160.jpg
385eb3c8-57dc-11ea-887a-001a7dda7113,882504,0_161.jpg
38729022-57dc-11ea-8090-001a7dda7113,628234,0_162.jpg
388631c8-57dc-11ea-988c-001a7dda7113,2529,0_163.jpg
389d0586-57dc-11ea-bca5-001a7dda7113,862356,0_164.jpg
38bbea12-57dc-11ea-806a-001a7dda7113,703680,0_165.jpg
38d94908-57dc-11ea-a479-001a7dda7113,25782,0_166.jpg
38fbc222-57dc-11ea-b0fe-001a7dda7113,726833,0_167.jpg
3913cd92-57dc-11ea-b678-001a7dda7113,15658,0_168.jpg
392158d8-57dc-11ea-ba78-001a7dda7113,55,0_169.jpg
2fb15b88-57dc-11ea-9850-001a7dda7113,65,0_17.jpg
392f5906-57dc-11ea-993f-001a7dda7113,229,0_170.jpg
3943967a-57dc-11ea-bdfd-001a7dda7113,686,0_171.jpg
3956d706-57dc-11ea-a723-001a7dda7113,386432,0_172.jpg
39681d12-57dc-11ea-9749-001a7dda7113,07839,0_173.jpg
399cd87e-57dc-11ea-855d-001a7dda7113,353206,0_174.jpg
39bdb770-57dc-11ea-b141-001a7dda7113,855,0_175.jpg
39db8bd0-57dc-11ea-87a6-001a7dda7113,5807,0_176.jpg
39f73ef6-57dc-11ea-a3fd-001a7dda7113,261,0_177.jpg
3a0e39b4-57dc-11ea-868c-001a7dda7113,6,0_178.jpg
3a277ccc-57dc-11ea-94b9-001a7dda7113,70208,0_179.jpg
2fbf6f86-57dc-11ea-b222-001a7dda7113,2678,0_18.jpg
3a31d5f0-57dc-11ea-a420-001a7dda7113,61084,0_180.jpg
3a3f6138-57dc-11ea-bb9d-001a7dda7113,545,0_181.jpg
3a50938c-57dc-11ea-b4dc-001a7dda7113,7289,0_182.jpg
3a5f5678-57dc-11ea-a2bc-001a7dda7113,685,0_183.jpg
3a72f824-57dc-11ea-92cb-001a7dda7113,88268,0_184.jpg
3a8b9f62-57dc-11ea-889a-001a7dda7113,82380,0_185.jpg
3aa30eee-57dc-11ea-96bb-001a7dda7113,5624410,0_186.jpg
3ab04c50-57dc-11ea-a7dc-001a7dda7113,508,0_187.jpg
3abcede4-57dc-11ea-bd3e-001a7dda7113,57,0_188.jpg
3ad13f26-57dc-11ea-8305-001a7dda7113,844842,0_189.jpg
2fd55978-57dc-11ea-b9b2-001a7dda7113,328902,0_19.jpg
3ae7d8d8-57dc-11ea-b30c-001a7dda7113,6622243,0_190.jpg
3afdc2d8-57dc-11ea-a9f5-001a7dda7113,360,0_191.jpg
3b1337f6-57dc-11ea-989f-001a7dda7113,8588,0_192.jpg
3b25a1e8-57dc-11ea-8fa5-001a7dda7113,1008,0_193.jpg
3b31a79a-57dc-11ea-870b-001a7dda7113,025,0_194.jpg
3b3c27ba-57dc-11ea-8d26-001a7dda7113,822,0_195.jpg
3b4c225e-57dc-11ea-aef0-001a7dda7113,62324,0_196.jpg
3b584f0a-57dc-11ea-bdbb-001a7dda7113,78588,0_197.jpg
3b623358-57dc-11ea-b119-001a7dda7113,208,0_198.jpg
3b740180-57dc-11ea-b30f-001a7dda7113,4284063,0_199.jpg
2ee82b74-57dc-11ea-be69-001a7dda7113,72725,0_2.jpg
2fe4b83a-57dc-11ea-8ad6-001a7dda7113,1,0_20.jpg
3b87ca12-57dc-11ea-9ed6-001a7dda7113,658550,0_200.jpg
3b9d8d1e-57dc-11ea-85c5-001a7dda7113,8721885,0_201.jpg
3bb8428c-57dc-11ea-9b89-001a7dda7113,7582397,0_202.jpg
3bd9972e-57dc-11ea-894e-001a7dda7113,2047870,0_203.jpg
3be88118-57dc-11ea-b1c4-001a7dda7113,72,0_204.jpg
3bfeb910-57dc-11ea-a26f-001a7dda7113,047637,0_205.jpg
3c0da2f8-57dc-11ea-92e8-001a7dda7113,2,0_206.jpg
3c29ca42-57dc-11ea-b8fb-001a7dda7113,286687886,0_207.jpg
3c392912-57dc-11ea-b664-001a7dda7113,2107,0_208.jpg
3c4e8b26-57dc-11ea-8b8b-001a7dda7113,2262,0_209.jpg
2ff37b36-57dc-11ea-b385-001a7dda7113,060,0_21.jpg
3c5dafdc-57dc-11ea-84f9-001a7dda7113,4228,0_210.jpg
3c710390-57dc-11ea-b3f1-001a7dda7113,062,0_211.jpg
3c8bf324-57dc-11ea-a82e-001a7dda7113,1220287,0_212.jpg
3c9add12-57dc-11ea-9445-001a7dda7113,3305,0_213.jpg
3cb4f6c0-57dc-11ea-9ae1-001a7dda7113,325387,0_214.jpg
3cc88540-57dc-11ea-9796-001a7dda7113,0262,0_215.jpg
3cdac83e-57dc-11ea-93b4-001a7dda7113,280,0_216.jpg
3ceb10d4-57dc-11ea-84c2-001a7dda7113,88666,0_217.jpg
3d078606-57dc-11ea-a896-001a7dda7113,7703045,0_218.jpg
3d19eff6-57dc-11ea-95bf-001a7dda7113,2795,0_219.jpg
2ffdd45c-57dc-11ea-a236-001a7dda7113,3786,0_22.jpg
3d2cbb9e-57dc-11ea-9d63-001a7dda7113,77853,0_220.jpg
3d440442-57dc-11ea-86d5-001a7dda7113,820888,0_221.jpg
3d532906-57dc-11ea-808a-001a7dda7113,0022,0_222.jpg
3d763d2c-57dc-11ea-b813-001a7dda7113,838330,0_223.jpg
3d83a186-57dc-11ea-ade0-001a7dda7113,642,0_224.jpg
3d926480-57dc-11ea-ab0a-001a7dda7113,567,0_225.jpg
3da67afe-57dc-11ea-857d-001a7dda7113,264002,0_226.jpg
3dbf83fa-57dc-11ea-af6b-001a7dda7113,55376,0_227.jpg
3dd13f0a-57dc-11ea-ba6f-001a7dda7113,8585367,0_228.jpg
3de33412-57dc-11ea-9d70-001a7dda7113,855,0_229.jpg
300ac3d2-57dc-11ea-a288-001a7dda7113,8223,0_23.jpg
3df18230-57dc-11ea-9f47-001a7dda7113,0503,0_230.jpg
3dff5b5c-57dc-11ea-ab07-001a7dda7113,6185,0_231.jpg
3e13fa80-57dc-11ea-952c-001a7dda7113,224,0_232.jpg
3e204e24-57dc-11ea-ac2b-001a7dda7113,372,0_233.jpg
3e3796c8-57dc-11ea-8304-001a7dda7113,8878827,0_234.jpg
3e50d9de-57dc-11ea-8222-001a7dda7113,5860272,0_235.jpg
3e5cdf90-57dc-11ea-a5c5-001a7dda7113,0630,0_236.jpg
3e6f229c-57dc-11ea-a0c8-001a7dda7113,32855,0_237.jpg
3e88797a-57dc-11ea-bb00-001a7dda7113,30285,0_238.jpg
3ea20a76-57dc-11ea-9a05-001a7dda7113,2228,0_239.jpg
301986c8-57dc-11ea-8502-001a7dda7113,8685531,0_24.jpg
3ebbe9fa-57dc-11ea-8fc4-001a7dda7113,66641,0_240.jpg
3ecd300c-57dc-11ea-9778-001a7dda7113,63680,0_241.jpg
3edc8ed8-57dc-11ea-ad20-001a7dda7113,3152,0_242.jpg
3eed7336-57dc-11ea-ad31-001a7dda7113,27,0_243.jpg
3ef8dd1a-57dc-11ea-b6d2-001a7dda7113,4,0_244.jpg
3f0e8d00-57dc-11ea-b5fa-001a7dda7113,881423,0_245.jpg
3f1b07a2-57dc-11ea-9e41-001a7dda7113,087,0_246.jpg
3f30a3ac-57dc-11ea-a027-001a7dda7113,215782,0_247.jpg
3f3c8268-57dc-11ea-a1d8-001a7dda7113,33702,0_248.jpg
3f4e9e70-57dc-11ea-8f7f-001a7dda7113,4788,0_249.jpg
30258c7a-57dc-11ea-a8fd-001a7dda7113,8088,0_25.jpg
3f5a0854-57dc-11ea-93dc-001a7dda7113,48768,0_250.jpg
3f6682f0-57dc-11ea-a517-001a7dda7113,8856,0_251.jpg
3f7864e2-57dc-11ea-bdc5-001a7dda7113,4323,0_252.jpg
3f857b48-57dc-11ea-86dc-001a7dda7113,8702,0_253.jpg
3f941748-57dc-11ea-8d26-001a7dda7113,242,0_254.jpg
3fa3c3fe-57dc-11ea-951f-001a7dda7113,1450,0_255.jpg
3fb371a8-57dc-11ea-8f65-001a7dda7113,27,0_256.jpg
3fc25b92-57dc-11ea-8199-001a7dda7113,4726,0_257.jpg
3fd2b964-57dc-11ea-9e6b-001a7dda7113,25585,0_258.jpg
3fe48786-57dc-11ea-a321-001a7dda7113,683480,0_259.jpg
3031b926-57dc-11ea-9e32-001a7dda7113,842,0_26.jpg
3ff87712-57dc-11ea-9db0-001a7dda7113,823682,0_260.jpg
40083786-57dc-11ea-bca6-001a7dda7113,83779,0_261.jpg
401a1974-57dc-11ea-8e9e-001a7dda7113,475,0_262.jpg
402ecbd0-57dc-11ea-9c26-001a7dda7113,5289341,0_263.jpg
403fb02c-57dc-11ea-afe2-001a7dda7113,120,0_264.jpg
4053eda2-57dc-11ea-90e2-001a7dda7113,235,0_265.jpg
40615200-57dc-11ea-a6de-001a7dda7113,253,0_266.jpg
407444b8-57dc-11ea-8713-001a7dda7113,058,0_267.jpg
408a09c6-57dc-11ea-b438-001a7dda7113,2400462,0_268.jpg
409857dc-57dc-11ea-858b-001a7dda7113,203,0_269.jpg
303e33c8-57dc-11ea-a457-001a7dda7113,35720,0_27.jpg
40a60a1c-57dc-11ea-845a-001a7dda7113,650,0_270.jpg
40b9e678-57dc-11ea-88e6-001a7dda7113,4588727,0_271.jpg
40d28e82-57dc-11ea-991e-001a7dda7113,5628298,0_272.jpg
40df91ca-57dc-11ea-b07c-001a7dda7113,36,0_273.jpg
40f39510-57dc-11ea-9889-001a7dda7113,587620,0_274.jpg
4100888a-57dc-11ea-aab4-001a7dda7113,668,0_275.jpg
411e32f8-57dc-11ea-bd68-001a7dda7113,322180,0_276.jpg
412be60c-57dc-11ea-aa73-001a7dda7113,54,0_277.jpg
414a9076-57dc-11ea-89c0-001a7dda7113,888246,0_278.jpg
41582f76-57dc-11ea-8ab4-001a7dda7113,57028,0_279.jpg
30498a64-57dc-11ea-833e-001a7dda7113,15,0_28.jpg
416df328-57dc-11ea-ac91-001a7dda7113,682236,0_280.jpg
41805d1c-57dc-11ea-8848-001a7dda7113,062,0_281.jpg
419e30f6-57dc-11ea-b7c5-001a7dda7113,7300645,0_282.jpg
41b66358-57dc-11ea-9ff2-001a7dda7113,653,0_283.jpg
41d5e3c0-57dc-11ea-aad5-001a7dda7113,24423,0_284.jpg
41ef0088-57dc-11ea-b53a-001a7dda7113,68826,0_285.jpg
42060f06-57dc-11ea-908a-001a7dda7113,6682864,0_286.jpg
4213d508-57dc-11ea-959e-001a7dda7113,4232,0_287.jpg
421ea318-57dc-11ea-a7b0-001a7dda7113,686,0_288.jpg
4229bf08-57dc-11ea-b7bd-001a7dda7113,283,0_289.jpg
3052f9cc-57dc-11ea-bca3-001a7dda7113,2703,0_29.jpg
42337c5c-57dc-11ea-a14d-001a7dda7113,45,0_290.jpg
42437702-57dc-11ea-b26c-001a7dda7113,10085,0_291.jpg
424ee0e4-57dc-11ea-b06a-001a7dda7113,7238,0_292.jpg
425c4536-57dc-11ea-aece-001a7dda7113,564,0_293.jpg
426d2998-57dc-11ea-a7b2-001a7dda7113,41482,0_294.jpg
427dc00c-57dc-11ea-8cfe-001a7dda7113,68249,0_295.jpg
428f8e30-57dc-11ea-8430-001a7dda7113,474,0_296.jpg
42a0e76e-57dc-11ea-a2e5-001a7dda7113,2848,0_297.jpg
42af5c7a-57dc-11ea-ae2c-001a7dda7113,00908,0_298.jpg
42bdf878-57dc-11ea-b851-001a7dda7113,60060,0_299.jpg
2ef14cf4-57dc-11ea-aefc-001a7dda7113,83,0_3.jpg
30616ee6-57dc-11ea-83a7-001a7dda7113,03904,0_30.jpg
42c9013a-57dc-11ea-80f4-001a7dda7113,09228,0_300.jpg
42d74f52-57dc-11ea-b09b-001a7dda7113,814633,0_301.jpg
42ec8a5e-57dc-11ea-a743-001a7dda7113,2558805,0_302.jpg
43003fc8-57dc-11ea-9a68-001a7dda7113,2862,0_303.jpg
430d69f4-57dc-11ea-ac6f-001a7dda7113,35424,0_304.jpg
431b56f8-57dc-11ea-a086-001a7dda7113,6248,0_305.jpg
43296ae6-57dc-11ea-b1ed-001a7dda7113,628882,0_306.jpg
433a76fa-57dc-11ea-9754-001a7dda7113,86,0_307.jpg
4348c50c-57dc-11ea-b8db-001a7dda7113,7806,0_308.jpg
435a3210-57dc-11ea-a1aa-001a7dda7113,0772,0_309.jpg
30731600-57dc-11ea-9625-001a7dda7113,483497,0_31.jpg
43728b74-57dc-11ea-9761-001a7dda7113,3302277,0_310.jpg
437d327a-57dc-11ea-93cf-001a7dda7113,37,0_311.jpg
43894bee-57dc-11ea-ac51-001a7dda7113,2847,0_312.jpg
4397251e-57dc-11ea-ab22-001a7dda7113,27,0_313.jpg
43a0bb82-57dc-11ea-80d8-001a7dda7113,1843,0_314.jpg
43b89ff8-57dc-11ea-9d44-001a7dda7113,035475,0_315.jpg
43c52e64-57dc-11ea-98ae-001a7dda7113,623,0_316.jpg
43d37c76-57dc-11ea-a8db-001a7dda7113,485526,0_317.jpg
43efa3c0-57dc-11ea-b0e0-001a7dda7113,7736725,0_318.jpg
43fa859c-57dc-11ea-8fd3-001a7dda7113,766,0_319.jpg
30811630-57dc-11ea-ad97-001a7dda7113,86170,0_32.jpg
4409f846-57dc-11ea-8061-001a7dda7113,4080,0_320.jpg
441b518c-57dc-11ea-ac97-001a7dda7113,2606620,0_321.jpg
442a0148-57dc-11ea-94ef-001a7dda7113,652860,0_322.jpg
4434817a-57dc-11ea-9eff-001a7dda7113,30877,0_323.jpg
443f8a1e-57dc-11ea-a91d-001a7dda7113,7244,0_324.jpg
4450957a-57dc-11ea-b47a-001a7dda7113,782225,0_325.jpg
446afd1e-57dc-11ea-82af-001a7dda7113,525850,0_326.jpg
447e50d4-57dc-11ea-aba3-001a7dda7113,46702,0_327.jpg
44998e64-57dc-11ea-b629-001a7dda7113,82008,0_328.jpg
44af2a76-57dc-11ea-8212-001a7dda7113,9386,0_329.jpg
309a1f26-57dc-11ea-bbd2-001a7dda7113,102244,0_33.jpg
44c7be8a-57dc-11ea-90e8-001a7dda7113,5555752,0_330.jpg
44dc9876-57dc-11ea-a7be-001a7dda7113,20722,0_331.jpg
44ef50f6-57dc-11ea-a548-001a7dda7113,5405735,0_332.jpg
44fa93ee-57dc-11ea-b973-001a7dda7113,3126,0_333.jpg
45049f1e-57dc-11ea-9528-001a7dda7113,365,0_334.jpg
45127866-57dc-11ea-9b8f-001a7dda7113,23022,0_335.jpg
451f40d8-57dc-11ea-acb0-001a7dda7113,058,0_336.jpg
45337e54-57dc-11ea-98b2-001a7dda7113,285470,0_337.jpg
454b768c-57dc-11ea-8310-001a7dda7113,2158352,0_338.jpg
455eddfe-57dc-11ea-a505-001a7dda7113,222428,0_339.jpg
30ad11be-57dc-11ea-9319-001a7dda7113,9220,0_34.jpg
457502c6-57dc-11ea-b05c-001a7dda7113,523582,0_340.jpg
45891940-57dc-11ea-8c4c-001a7dda7113,524127,0_341.jpg
459b9706-57dc-11ea-8bf4-001a7dda7113,436445,0_342.jpg
45ad041c-57dc-11ea-a0ed-001a7dda7113,6884022,0_343.jpg
45be9810-57dc-11ea-884e-001a7dda7113,322083,0_344.jpg
45ceb9ae-57dc-11ea-9bec-001a7dda7113,674287,0_345.jpg
45d912d2-57dc-11ea-970d-001a7dda7113,42498,0_346.jpg
45e65034-57dc-11ea-a587-001a7dda7113,2154,0_347.jpg
45f9deac-57dc-11ea-b358-001a7dda7113,00824,0_348.jpg
460ea5de-57dc-11ea-b5df-001a7dda7113,233538,0_349.jpg
30ba3be8-57dc-11ea-839f-001a7dda7113,7238,0_35.jpg
461df174-57dc-11ea-b687-001a7dda7113,814,0_350.jpg
46358800-57dc-11ea-b228-001a7dda7113,8275558,0_351.jpg
464edf80-57dc-11ea-b291-001a7dda7113,2112,0_352.jpg
465f9ce8-57dc-11ea-936f-001a7dda7113,7852,0_353.jpg
46727bba-57dc-11ea-88a2-001a7dda7113,770640,0_354.jpg
4684e664-57dc-11ea-ace0-001a7dda7113,888104,0_355.jpg
46949318-57dc-11ea-96f2-001a7dda7113,56648,0_356.jpg
46a32f1c-57dc-11ea-a302-001a7dda7113,608707,0_357.jpg
46af5bc8-57dc-11ea-9c5e-001a7dda7113,8453,0_358.jpg
46c1d982-57dc-11ea-a7e4-001a7dda7113,26703,0_359.jpg
30d247f4-57dc-11ea-85b5-001a7dda7113,6598883,0_36.jpg
46d1115c-57dc-11ea-801d-001a7dda7113,26,0_360.jpg
46e21cb4-57dc-11ea-af22-001a7dda7113,6648,0_361.jpg
46ed38a6-57dc-11ea-b60c-001a7dda7113,023,0_362.jpg
4706dd6e-57dc-11ea-96ce-001a7dda7113,3202721,0_363.jpg
471ae0c6-57dc-11ea-845c-001a7dda7113,6686848,0_364.jpg
472587d8-57dc-11ea-b7be-001a7dda7113,88,0_365.jpg
4735964c-57dc-11ea-9f47-001a7dda7113,274421,0_366.jpg
47445930-57dc-11ea-9d4f-001a7dda7113,58,0_367.jpg
47534318-57dc-11ea-8a7b-001a7dda7113,375223,0_368.jpg
47605986-57dc-11ea-84ee-001a7dda7113,67493,0_369.jpg
30e4d8d8-57dc-11ea-96bd-001a7dda7113,878,0_37.jpg
476b4e94-57dc-11ea-8889-001a7dda7113,92206,0_370.jpg
47796270-57dc-11ea-b04d-001a7dda7113,868865,0_371.jpg
478ec46e-57dc-11ea-be9a-001a7dda7113,0282277,0_372.jpg
47b01908-57dc-11ea-b80c-001a7dda7113,1072783,0_373.jpg
47c7b05e-57dc-11ea-9d54-001a7dda7113,5832,0_374.jpg
47daf10c-57dc-11ea-aa56-001a7dda7113,593,0_375.jpg
47f2c254-57dc-11ea-ada7-001a7dda7113,63702,0_376.jpg
47ff9ea4-57dc-11ea-8bf4-001a7dda7113,852,0_377.jpg
4813dc1c-57dc-11ea-90f0-001a7dda7113,04345,0_378.jpg
4822c606-57dc-11ea-983b-001a7dda7113,5865,0_379.jpg
30fb5eac-57dc-11ea-a5ea-001a7dda7113,388228,0_38.jpg
4833aa62-57dc-11ea-a7ce-001a7dda7113,066663,0_380.jpg
483db5a4-57dc-11ea-a15d-001a7dda7113,03,0_381.jpg
4848aaae-57dc-11ea-840a-001a7dda7113,08838,0_382.jpg
48586b18-57dc-11ea-9ee6-001a7dda7113,7157868,0_383.jpg
48688ca8-57dc-11ea-811c-001a7dda7113,278288,0_384.jpg
4875a314-57dc-11ea-b1f5-001a7dda7113,024,0_385.jpg
488b3f30-57dc-11ea-9c83-001a7dda7113,828867,0_386.jpg
48998d46-57dc-11ea-aba3-001a7dda7113,2288,0_387.jpg
48a5b9fa-57dc-11ea-96d0-001a7dda7113,18,0_388.jpg
48b9e43a-57dc-11ea-91cd-001a7dda7113,08270,0_389.jpg
310eb26e-57dc-11ea-9871-001a7dda7113,2695,0_39.jpg
48cd5eee-57dc-11ea-96af-001a7dda7113,9015,0_390.jpg
48e05178-57dc-11ea-be2b-001a7dda7113,7220058,0_391.jpg
48f25a82-57dc-11ea-8569-001a7dda7113,087486,0_392.jpg
48fc17d8-57dc-11ea-aa5a-001a7dda7113,320,0_393.jpg
4906bef0-57dc-11ea-9903-001a7dda7113,5409,0_394.jpg
491976da-57dc-11ea-a250-001a7dda7113,629685,0_395.jpg
492507a6-57dc-11ea-bc35-001a7dda7113,533,0_396.jpg
492faeba-57dc-11ea-92d1-001a7dda7113,605,0_397.jpg
493b535a-57dc-11ea-aa3f-001a7dda7113,18856,0_398.jpg
494510b4-57dc-11ea-8ce0-001a7dda7113,8187,0_399.jpg
2f027f40-57dc-11ea-9968-001a7dda7113,280286,0_4.jpg
3124c35c-57dc-11ea-a64a-001a7dda7113,890180,0_40.jpg
49548370-57dc-11ea-972e-001a7dda7113,52,0_400.jpg
49620e92-57dc-11ea-9183-001a7dda7113,035,0_401.jpg
49775cc6-57dc-11ea-b045-001a7dda7113,8012,0_402.jpg
4987a54c-57dc-11ea-abd6-001a7dda7113,2655,0_403.jpg
499c579e-57dc-11ea-93ec-001a7dda7113,675822,0_404.jpg
49a8234c-57dc-11ea-969f-001a7dda7113,422,0_405.jpg
49b87f92-57dc-11ea-a075-001a7dda7113,67686,0_406.jpg
49cc3510-57dc-11ea-8161-001a7dda7113,33420,0_407.jpg
49dfd746-57dc-11ea-b8d2-001a7dda7113,2731427,0_408.jpg
49f4c450-57dc-11ea-9728-001a7dda7113,6522819,0_409.jpg
313c0c00-57dc-11ea-b1ed-001a7dda7113,20202,0_41.jpg
4a09c48c-57dc-11ea-9942-001a7dda7113,862558,0_410.jpg
4a14929c-57dc-11ea-9435-001a7dda7113,56070,0_411.jpg
4a22a686-57dc-11ea-8ab9-001a7dda7113,020706,0_412.jpg
4a321908-57dc-11ea-9f02-001a7dda7113,244233241,0_413.jpg
4a4129e4-57dc-11ea-8984-001a7dda7113,0668258,0_414.jpg
4a4a8618-57dc-11ea-b0f2-001a7dda7113,225,0_415.jpg
4a5e00c2-57dc-11ea-abe0-001a7dda7113,25850,0_416.jpg
4a6e2258-57dc-11ea-8829-001a7dda7113,0432,0_417.jpg
4a7a4efa-57dc-11ea-8aa9-001a7dda7113,329,0_418.jpg
4a97adfa-57dc-11ea-ab31-001a7dda7113,5215574,0_419.jpg
314cf05a-57dc-11ea-8ed3-001a7dda7113,70757,0_42.jpg
4ab179be-57dc-11ea-8926-001a7dda7113,880927,0_420.jpg
4acccb02-57dc-11ea-8634-001a7dda7113,005842,0_421.jpg
4ae329f4-57dc-11ea-8ff7-001a7dda7113,0332133,0_422.jpg
4b00b062-57dc-11ea-9872-001a7dda7113,80082,0_423.jpg
4b1e0f5a-57dc-11ea-a1c5-001a7dda7113,28637,0_424.jpg
4b34f6e8-57dc-11ea-966f-001a7dda7113,25548,0_425.jpg
4b4392e6-57dc-11ea-bf35-001a7dda7113,58,0_426.jpg
4b4eaed8-57dc-11ea-b091-001a7dda7113,055,0_427.jpg
4b5c1330-57dc-11ea-b24d-001a7dda7113,910,0_428.jpg
4b6b240c-57dc-11ea-832c-001a7dda7113,92,0_429.jpg
315c0136-57dc-11ea-806c-001a7dda7113,20548,0_43.jpg
4b7605de-57dc-11ea-81ea-001a7dda7113,2238,0_430.jpg
4b8ba206-57dc-11ea-8665-001a7dda7113,684027,0_431.jpg
4b99c912-57dc-11ea-beb6-001a7dda7113,4288,0_432.jpg
4ba6cc68-57dc-11ea-806c-001a7dda7113,60747,0_433.jpg
4bb333d2-57dc-11ea-b2de-001a7dda7113,0738,0_434.jpg
4bcc15c6-57dc-11ea-8fb2-001a7dda7113,360380,0_435.jpg
4bde7fc0-57dc-11ea-be37-001a7dda7113,8788,0_436.jpg
4bee404a-57dc-11ea-900b-001a7dda7113,30739,0_437.jpg
4c005c5e-57dc-11ea-8df6-001a7dda7113,82359,0_438.jpg
4c0ef852-57dc-11ea-b160-001a7dda7113,86852,0_439.jpg
316a9d38-57dc-11ea-aa21-001a7dda7113,084,0_44.jpg
4c1ce552-57dc-11ea-9edb-001a7dda7113,65850,0_440.jpg
4c268f70-57dc-11ea-8838-001a7dda7113,352,0_441.jpg
4c3357f6-57dc-11ea-b5a1-001a7dda7113,2289,0_442.jpg
4c40bc4a-57dc-11ea-9e38-001a7dda7113,572,0_443.jpg
4c5104d8-57dc-11ea-b018-001a7dda7113,087,0_444.jpg
4c630dbe-57dc-11ea-94a2-001a7dda7113,828,0_445.jpg
4c72e164-57dc-11ea-b79f-001a7dda7113,570,0_446.jpg
4c89403a-57dc-11ea-bd46-001a7dda7113,28450,0_447.jpg
4c99afc0-57dc-11ea-bf8f-001a7dda7113,25074,0_448.jpg
4ca4df78-57dc-11ea-b5c7-001a7dda7113,664,0_449.jpg
31791246-57dc-11ea-b0e7-001a7dda7113,7272,0_45.jpg
4cb48c2e-57dc-11ea-bdd4-001a7dda7113,75,0_450.jpg
4cc030c6-57dc-11ea-92be-001a7dda7113,342,0_451.jpg
4cd99ad2-57dc-11ea-80ec-001a7dda7113,8202458,0_452.jpg
4cecdb66-57dc-11ea-892b-001a7dda7113,88,0_453.jpg
4d0cbdb4-57dc-11ea-94e1-001a7dda7113,7221048,0_454.jpg
4d2135e6-57dc-11ea-8b87-001a7dda7113,8730281,0_455.jpg
4d31f35c-57dc-11ea-82fa-001a7dda7113,2887,0_456.jpg
4d3f1fa6-57dc-11ea-9976-001a7dda7113,86,0_457.jpg
4d519b5a-57dc-11ea-995c-001a7dda7113,5284220,0_458.jpg
4d5dc7fe-57dc-11ea-be1e-001a7dda7113,31,0_459.jpg
3187605a-57dc-11ea-8323-001a7dda7113,631878,0_46.jpg
4d6e1088-57dc-11ea-ab01-001a7dda7113,2238,0_460.jpg
4d794040-57dc-11ea-a3a1-001a7dda7113,523,0_461.jpg
4d95c9f6-57dc-11ea-8493-001a7dda7113,885242,0_462.jpg
4da63978-57dc-11ea-b1e5-001a7dda7113,50288,0_463.jpg
4dc01868-57dc-11ea-ae11-001a7dda7113,0282,0_464.jpg
4dd2bd12-57dc-11ea-bff9-001a7dda7113,80648,0_465.jpg
4dde26f0-57dc-11ea-ad90-001a7dda7113,2762,0_466.jpg
4df5ac0c-57dc-11ea-bfd0-001a7dda7113,1683,0_467.jpg
4e0926b8-57dc-11ea-9d03-001a7dda7113,247,0_468.jpg
4e27d136-57dc-11ea-9318-001a7dda7113,3023896,0_469.jpg
31949dba-57dc-11ea-a420-001a7dda7113,28528,0_47.jpg
4e40039c-57dc-11ea-a2e3-001a7dda7113,800539,0_470.jpg
4e55da70-57dc-11ea-9884-001a7dda7113,4625,0_471.jpg
4e68a626-57dc-11ea-9568-001a7dda7113,88285,0_472.jpg
4e82acac-57dc-11ea-a650-001a7dda7113,2466582,0_473.jpg
4e939110-57dc-11ea-8408-001a7dda7113,721,0_474.jpg
4ea33dc8-57dc-11ea-88da-001a7dda7113,83826,0_475.jpg
4eba7330-57dc-11ea-a631-001a7dda7113,0217787,0_476.jpg
4ed0f99c-57dc-11ea-82e5-001a7dda7113,0223402,0_477.jpg
4ee30274-57dc-11ea-af8a-001a7dda7113,0887738,0_478.jpg
4eed5b9a-57dc-11ea-86fd-001a7dda7113,088,0_479.jpg
31a215c6-57dc-11ea-924f-001a7dda7113,68813,0_48.jpg
4ef9af42-57dc-11ea-a3b7-001a7dda7113,856,0_480.jpg
4f0c8eb0-57dc-11ea-b572-001a7dda7113,318,0_481.jpg
4f1d4c18-57dc-11ea-bf86-001a7dda7113,6322,0_482.jpg
4f2cf8d2-57dc-11ea-952e-001a7dda7113,080,0_483.jpg
4f3cf370-57dc-11ea-be48-001a7dda7113,47588,0_484.jpg
4f4e25b8-57dc-11ea-bd6b-001a7dda7113,532888,0_485.jpg
4f639ad8-57dc-11ea-878c-001a7dda7113,87444,0_486.jpg
4f706358-57dc-11ea-b599-001a7dda7113,80782,0_487.jpg
4f79f9b8-57dc-11ea-bee1-001a7dda7113,224,0_488.jpg
4f8e5e24-57dc-11ea-ab35-001a7dda7113,6340294,0_489.jpg
31afc808-57dc-11ea-b680-001a7dda7113,322388,0_49.jpg
4fa8d95c-57dc-11ea-94f9-001a7dda7113,333825,0_490.jpg
4fc367d4-57dc-11ea-bc23-001a7dda7113,9318871,0_491.jpg
4fcf9482-57dc-11ea-a167-001a7dda7113,84204,0_492.jpg
4fdf1a40-57dc-11ea-b561-001a7dda7113,4274,0_493.jpg
4fef9e2e-57dc-11ea-ad51-001a7dda7113,805240,0_494.jpg
4ffb42cc-57dc-11ea-8ee5-001a7dda7113,09093,0_495.jpg
500b8b54-57dc-11ea-bc9a-001a7dda7113,5556,0_496.jpg
5019d968-57dc-11ea-8be2-001a7dda7113,0453,0_497.jpg
50224ce2-57dc-11ea-9941-001a7dda7113,234,0_498.jpg
502eee76-57dc-11ea-8f77-001a7dda7113,06285,0_499.jpg
2f166eda-57dc-11ea-b681-001a7dda7113,525287,0_5.jpg
31baa9e8-57dc-11ea-ba32-001a7dda7113,428,0_50.jpg
503fabe4-57dc-11ea-811e-001a7dda7113,36873,0_500.jpg
504fe122-57dc-11ea-b721-001a7dda7113,88225,0_501.jpg
505a6140-57dc-11ea-b804-001a7dda7113,25284,0_502.jpg
50676476-57dc-11ea-b953-001a7dda7113,370,0_503.jpg
506fea22-57dc-11ea-91b4-001a7dda7113,00,0_504.jpg
50813028-57dc-11ea-a44b-001a7dda7113,203,0_505.jpg
509435fa-57dc-11ea-b76f-001a7dda7113,8355,0_506.jpg
50a51a5c-57dc-11ea-8447-001a7dda7113,2572,0_507.jpg
50b4a01a-57dc-11ea-b32b-001a7dda7113,086485,0_508.jpg
50bdc198-57dc-11ea-ac12-001a7dda7113,3962,0_509.jpg
31cc2a12-57dc-11ea-aabe-001a7dda7113,688252,0_51.jpg
50d05280-57dc-11ea-b2ca-001a7dda7113,842212,0_510.jpg
50e0e902-57dc-11ea-9209-001a7dda7113,3272875,0_511.jpg
50edb176-57dc-11ea-b18e-001a7dda7113,528,0_512.jpg
50fa2c0a-57dc-11ea-ad77-001a7dda7113,360507,0_513.jpg
5104d322-57dc-11ea-ab4f-001a7dda7113,68855,0_514.jpg
510dcdac-57dc-11ea-b3c4-001a7dda7113,06,0_515.jpg
511b45ba-57dc-11ea-b691-001a7dda7113,9705,0_516.jpg
5128d10a-57dc-11ea-a1bf-001a7dda7113,88114,0_517.jpg
5138cba8-57dc-11ea-80fd-001a7dda7113,22524,0_518.jpg
514324d8-57dc-11ea-adaa-001a7dda7113,80148,0_519.jpg
31d82fcc-57dc-11ea-8513-001a7dda7113,08345,0_52.jpg
515111ba-57dc-11ea-9a8e-001a7dda7113,972058,0_520.jpg
515bf380-57dc-11ea-b2ad-001a7dda7113,028,0_521.jpg
516c9da6-57dc-11ea-a5f2-001a7dda7113,56352,0_522.jpg
517a3ca8-57dc-11ea-9a3c-001a7dda7113,676,0_523.jpg
51875318-57dc-11ea-93df-001a7dda7113,312,0_524.jpg
519234dc-57dc-11ea-aeef-001a7dda7113,28,0_525.jpg
51a20886-57dc-11ea-9bc3-001a7dda7113,8482,0_526.jpg
51b42492-57dc-11ea-b3e3-001a7dda7113,8090,0_527.jpg
51c0ed12-57dc-11ea-a53d-001a7dda7113,23,0_528.jpg
51d0ad76-57dc-11ea-8b92-001a7dda7113,2415069,0_529.jpg
31e3e798-57dc-11ea-af1f-001a7dda7113,8684,0_53.jpg
51ddd798-57dc-11ea-96be-001a7dda7113,202,0_530.jpg
51e697f4-57dc-11ea-b612-001a7dda7113,405,0_531.jpg
51ef6b88-57dc-11ea-a240-001a7dda7113,6,0_532.jpg
51fb2352-57dc-11ea-a47e-001a7dda7113,40,0_533.jpg
5206b434-57dc-11ea-b6db-001a7dda7113,5254,0_534.jpg
52118238-57dc-11ea-af6d-001a7dda7113,680,0_535.jpg
521e5e6c-57dc-11ea-b697-001a7dda7113,842,0_536.jpg
5228cb76-57dc-11ea-91ea-001a7dda7113,35365,0_537.jpg
52380342-57dc-11ea-b4a9-001a7dda7113,6688857,0_538.jpg
5243e206-57dc-11ea-90ae-001a7dda7113,52226,0_539.jpg
31eeb5a6-57dc-11ea-8f94-001a7dda7113,3452,0_54.jpg
52505ca4-57dc-11ea-8c12-001a7dda7113,298012,0_540.jpg
52600958-57dc-11ea-b325-001a7dda7113,65827,0_541.jpg
526afe5c-57dc-11ea-9387-001a7dda7113,9,0_542.jpg
5273e6a2-57dc-11ea-86b6-001a7dda7113,820,0_543.jpg
528184d2-57dc-11ea-a0e5-001a7dda7113,427887,0_544.jpg
528d6392-57dc-11ea-9a6c-001a7dda7113,0238,0_545.jpg
52a090f0-57dc-11ea-876c-001a7dda7113,5200,0_546.jpg
52b5913a-57dc-11ea-966e-001a7dda7113,4232,0_547.jpg
52c39162-57dc-11ea-b859-001a7dda7113,5538,0_548.jpg
52ced448-57dc-11ea-986e-001a7dda7113,484678,0_549.jpg
31f84ce2-57dc-11ea-9523-001a7dda7113,458,0_55.jpg
52dcad88-57dc-11ea-8866-001a7dda7113,23120,0_550.jpg
52eef080-57dc-11ea-8aa3-001a7dda7113,703826,0_551.jpg
52f8d4ca-57dc-11ea-a537-001a7dda7113,7028,0_552.jpg
53026b2c-57dc-11ea-b431-001a7dda7113,755,0_553.jpg
530ceb4c-57dc-11ea-86a7-001a7dda7113,50458,0_554.jpg
53185528-57dc-11ea-9b84-001a7dda7113,18,0_555.jpg
5322fc40-57dc-11ea-b2a2-001a7dda7113,426,0_556.jpg
53304d80-57dc-11ea-aa72-001a7dda7113,350,0_557.jpg
533b427e-57dc-11ea-a39c-001a7dda7113,8002,0_558.jpg
534bd8f4-57dc-11ea-9426-001a7dda7113,20821,0_559.jpg
32051480-57dc-11ea-a293-001a7dda7113,456754,0_56.jpg
5354fa70-57dc-11ea-b081-001a7dda7113,7279,0_560.jpg
535e90d2-57dc-11ea-9e11-001a7dda7113,30,0_561.jpg
5367167a-57dc-11ea-8194-001a7dda7113,019,0_562.jpg
5370acdc-57dc-11ea-a783-001a7dda7113,64268,0_563.jpg
538a7890-57dc-11ea-bcfb-001a7dda7113,4422,0_564.jpg
5399b06e-57dc-11ea-acc6-001a7dda7113,5922,0_565.jpg
53a6edc8-57dc-11ea-af87-001a7dda7113,53738,0_566.jpg
53b3685c-57dc-11ea-87ee-001a7dda7113,847,0_567.jpg
53bc14fa-57dc-11ea-a012-001a7dda7113,87828,0_568.jpg
53cd4748-57dc-11ea-84d5-001a7dda7113,88921803,0_569.jpg
320e83f0-57dc-11ea-bc59-001a7dda7113,430,0_57.jpg
53d7ee5e-57dc-11ea-8004-001a7dda7113,086,0_570.jpg
53e184c0-57dc-11ea-be0e-001a7dda7113,85,0_571.jpg
53ea0a68-57dc-11ea-8868-001a7dda7113,166,0_572.jpg
53f3a0d4-57dc-11ea-a99b-001a7dda7113,626,0_573.jpg
53fd3726-57dc-11ea-98dd-001a7dda7113,986191,0_574.jpg
54071b76-57dc-11ea-b35e-001a7dda7113,7800,0_575.jpg
5411af5c-57dc-11ea-af27-001a7dda7113,886,0_576.jpg
5423a46e-57dc-11ea-b372-001a7dda7113,17988,0_577.jpg
542fd11c-57dc-11ea-bec2-001a7dda7113,65352,0_578.jpg
543f2fe4-57dc-11ea-85bc-001a7dda7113,9493582,0_579.jpg
3220a002-57dc-11ea-b747-001a7dda7113,4855847,0_58.jpg
544ae7b6-57dc-11ea-ab11-001a7dda7113,76256,0_580.jpg
5453bb46-57dc-11ea-8a16-001a7dda7113,64,0_581.jpg
5462cc26-57dc-11ea-b34f-001a7dda7113,288686,0_582.jpg
546dfbd4-57dc-11ea-9bad-001a7dda7113,445,0_583.jpg
547ac452-57dc-11ea-84a3-001a7dda7113,04648,0_584.jpg
54898748-57dc-11ea-ba51-001a7dda7113,345033,0_585.jpg
54953f12-57dc-11ea-9e6d-001a7dda7113,38585,0_586.jpg
54a27c74-57dc-11ea-92a3-001a7dda7113,8653,0_587.jpg
54b7a3ae-57dc-11ea-9b9b-001a7dda7113,6026502,0_588.jpg
54c38268-57dc-11ea-bcad-001a7dda7113,003,0_589.jpg
322ca5b4-57dc-11ea-bde2-001a7dda7113,388,0_59.jpg
54ccf1e4-57dc-11ea-9823-001a7dda7113,8623,0_590.jpg
54d61354-57dc-11ea-b692-001a7dda7113,8872,0_591.jpg
54df34d8-57dc-11ea-ab47-001a7dda7113,5414,0_592.jpg
54e91924-57dc-11ea-9f43-001a7dda7113,47285,0_593.jpg
54f7c8d2-57dc-11ea-845a-001a7dda7113,7660263,0_594.jpg
55050638-57dc-11ea-be13-001a7dda7113,3646,0_595.jpg
5512917e-57dc-11ea-9ac1-001a7dda7113,583540,0_596.jpg
552091a8-57dc-11ea-9c62-001a7dda7113,05948,0_597.jpg
5529b328-57dc-11ea-abd2-001a7dda7113,285,0_598.jpg
5534a82e-57dc-11ea-b41d-001a7dda7113,6253,0_599.jpg
2f2115de-57dc-11ea-8b18-001a7dda7113,115,0_6.jpg
323d8a12-57dc-11ea-b2d1-001a7dda7113,227220,0_60.jpg
553e6588-57dc-11ea-9e26-001a7dda7113,7058,0_600.jpg
55490c9e-57dc-11ea-a7bc-001a7dda7113,557,0_601.jpg
555bd83a-57dc-11ea-aa8e-001a7dda7113,542564,0_602.jpg
556520ae-57dc-11ea-95db-001a7dda7113,580,0_603.jpg
556fa0d4-57dc-11ea-a56d-001a7dda7113,3184,0_604.jpg
557c1b64-57dc-11ea-8e85-001a7dda7113,285285,0_605.jpg
558895fa-57dc-11ea-9f2c-001a7dda7113,52668,0_606.jpg
5596bd1e-57dc-11ea-a65d-001a7dda7113,0749,0_607.jpg
55a58012-57dc-11ea-a920-001a7dda7113,56396,0_608.jpg
55addec6-57dc-11ea-8156-001a7dda7113,502,0_609.jpg
324d0fd2-57dc-11ea-96a8-001a7dda7113,52633,0_61.jpg
55bffad2-57dc-11ea-98ee-001a7dda7113,420262,0_610.jpg
55c8f562-57dc-11ea-ac49-001a7dda7113,0115,0_611.jpg
55d37580-57dc-11ea-9d76-001a7dda7113,324,0_612.jpg
55e2120a-57dc-11ea-84b4-001a7dda7113,8588,0_613.jpg
55f4a2f6-57dc-11ea-9d55-001a7dda7113,22560,0_614.jpg
5604769e-57dc-11ea-aefd-001a7dda7113,502587,0_615.jpg
560d233a-57dc-11ea-abc2-001a7dda7113,07,0_616.jpg
561581f4-57dc-11ea-885f-001a7dda7113,6,0_617.jpg
561f1854-57dc-11ea-84f1-001a7dda7113,82860,0_618.jpg
56305e62-57dc-11ea-87bc-001a7dda7113,230224,0_619.jpg
32591588-57dc-11ea-bd21-001a7dda7113,6802,0_62.jpg
563f0e12-57dc-11ea-b9ee-001a7dda7113,7625,0_620.jpg
56497b06-57dc-11ea-954c-001a7dda7113,29322,0_621.jpg
5651b2c6-57dc-11ea-b186-001a7dda7113,026,0_622.jpg
5661fb50-57dc-11ea-8ec3-001a7dda7113,187706,0_623.jpg
566aa7f4-57dc-11ea-97da-001a7dda7113,383,0_624.jpg
568106d0-57dc-11ea-812e-001a7dda7113,32085,0_625.jpg
5695b928-57dc-11ea-be2e-001a7dda7113,4286,0_626.jpg
56a2cf94-57dc-11ea-87a8-001a7dda7113,82,0_627.jpg
56af2330-57dc-11ea-b942-001a7dda7113,8831,0_628.jpg
56b7a8e2-57dc-11ea-991a-001a7dda7113,483,0_629.jpg
3263bca6-57dc-11ea-b0d8-001a7dda7113,021,0_63.jpg
56c9ebdc-57dc-11ea-a0d2-001a7dda7113,902082,0_630.jpg
56d46bfe-57dc-11ea-ac57-001a7dda7113,8685,0_631.jpg
56de3d28-57dc-11ea-9caf-001a7dda7113,422,0_632.jpg
56e6e9c8-57dc-11ea-8d6f-001a7dda7113,2665,0_633.jpg
56f11bf4-57dc-11ea-8dbb-001a7dda7113,6521,0_634.jpg
56f9ef88-57dc-11ea-b11b-001a7dda7113,855,0_635.jpg
57046fae-57dc-11ea-9e98-001a7dda7113,80236,0_636.jpg
570f16c0-57dc-11ea-a177-001a7dda7113,624,0_637.jpg
571a32b6-57dc-11ea-a636-001a7dda7113,85,0_638.jpg
57243e92-57dc-11ea-97a3-001a7dda7113,87,0_639.jpg
327231a6-57dc-11ea-b860-001a7dda7113,7837746,0_64.jpg
572dfbe8-57dc-11ea-8dc1-001a7dda7113,4851,0_640.jpg
5737b93a-57dc-11ea-907f-001a7dda7113,4243,0_641.jpg
57407998-57dc-11ea-bd59-001a7dda7113,304,0_642.jpg
574d55e6-57dc-11ea-b1af-001a7dda7113,2050,0_643.jpg
575cb4ae-57dc-11ea-8ea1-001a7dda7113,25252,0_644.jpg
5766e6e8-57dc-11ea-bfae-001a7dda7113,258,0_645.jpg
5773886e-57dc-11ea-8965-001a7dda7113,021,0_646.jpg
57800306-57dc-11ea-8347-001a7dda7113,8078,0_647.jpg
578e0334-57dc-11ea-bb3e-001a7dda7113,2826,0_648.jpg
5798aa48-57dc-11ea-9671-001a7dda7113,0262,0_649.jpg
327cd8be-57dc-11ea-abfd-001a7dda7113,4826,0_65.jpg
57a63592-57dc-11ea-b099-001a7dda7113,67502,0_650.jpg
57b65728-57dc-11ea-8e3d-001a7dda7113,2665,0_651.jpg
57c283d4-57dc-11ea-84b7-001a7dda7113,08883,0_652.jpg
57d083fe-57dc-11ea-9417-001a7dda7113,7570,0_653.jpg
57dc3bc8-57dc-11ea-a4ab-001a7dda7113,05242,0_654.jpg
57ef6892-57dc-11ea-908a-001a7dda7113,222462,0_655.jpg
57fa2352-57dc-11ea-9c8d-001a7dda7113,620,0_656.jpg
58045588-57dc-11ea-ade0-001a7dda7113,556,0_657.jpg
580eaeb4-57dc-11ea-b009-001a7dda7113,2204,0_658.jpg
5817d034-57dc-11ea-8650-001a7dda7113,6369,0_659.jpg
3289ef2c-57dc-11ea-9fe7-001a7dda7113,60,0_66.jpg
58260b08-57dc-11ea-b2f2-001a7dda7113,92252,0_660.jpg
582eb7a8-57dc-11ea-b56c-001a7dda7113,2,0_661.jpg
583861e2-57dc-11ea-9423-001a7dda7113,7019,0_662.jpg
584a1cc2-57dc-11ea-86f5-001a7dda7113,0722,0_663.jpg
5859b65c-57dc-11ea-ac2b-001a7dda7113,38026,0_664.jpg
5868b3ee-57dc-11ea-85d4-001a7dda7113,70373,0_665.jpg
58778a92-57dc-11ea-b3a0-001a7dda7113,064224,0_666.jpg
5888210a-57dc-11ea-8c39-001a7dda7113,56,0_667.jpg
58948864-57dc-11ea-9176-001a7dda7113,026870,0_668.jpg
589f5670-57dc-11ea-9989-001a7dda7113,75,0_669.jpg
3297673e-57dc-11ea-a5af-001a7dda7113,525725,0_67.jpg
58ace1be-57dc-11ea-b3e8-001a7dda7113,700618,0_670.jpg
58b5dc46-57dc-11ea-87be-001a7dda7113,735,0_671.jpg
58be27b8-57dc-11ea-8d15-001a7dda7113,482,0_672.jpg
58d043c8-57dc-11ea-a452-001a7dda7113,2883427,0_673.jpg
58dcf914-57dc-11ea-b164-001a7dda7113,0054,0_674.jpg
58e8150c-57dc-11ea-8f74-001a7dda7113,787,0_675.jpg
58f15d78-57dc-11ea-a055-001a7dda7113,483,0_676.jpg
58fc6640-57dc-11ea-a334-001a7dda7113,720,0_677.jpg
5905fc9c-57dc-11ea-8675-001a7dda7113,220,0_678.jpg
5913aede-57dc-11ea-9282-001a7dda7113,40525,0_679.jpg
32a44376-57dc-11ea-86fe-001a7dda7113,2722,0_68.jpg
591ede9c-57dc-11ea-9f5f-001a7dda7113,8,0_680.jpg
5933deda-57dc-11ea-8679-001a7dda7113,51253,0_681.jpg
593fe48a-57dc-11ea-85f6-001a7dda7113,5754,0_682.jpg
594a2a82-57dc-11ea-a9bf-001a7dda7113,63,0_683.jpg
5955bb4a-57dc-11ea-9174-001a7dda7113,24,0_684.jpg
5962e574-57dc-11ea-affa-001a7dda7113,732684,0_685.jpg
597b8cb6-57dc-11ea-b75e-001a7dda7113,8420262,0_686.jpg
598bd53e-57dc-11ea-9dee-001a7dda7113,773,0_687.jpg
599a235a-57dc-11ea-adcc-001a7dda7113,072124,0_688.jpg
59aa92d8-57dc-11ea-8c81-001a7dda7113,687648,0_689.jpg
32bb8c1e-57dc-11ea-9771-001a7dda7113,281852,0_69.jpg
59b4ec00-57dc-11ea-90b2-001a7dda7113,5049,0_690.jpg
59c2774a-57dc-11ea-9dba-001a7dda7113,466,0_691.jpg
59db1e92-57dc-11ea-ae4a-001a7dda7113,4380475,0_692.jpg
59e5b266-57dc-11ea-b35b-001a7dda7113,528,0_693.jpg
59f621e4-57dc-11ea-8299-001a7dda7113,54412,0_694.jpg
5a06df58-57dc-11ea-8ba2-001a7dda7113,853,0_695.jpg
5a168cae-57dc-11ea-8e28-001a7dda7113,682,0_696.jpg
5a21f68c-57dc-11ea-98ae-001a7dda7113,58,0_697.jpg
5a36349e-57dc-11ea-80a9-001a7dda7113,03842,0_698.jpg
5a467d24-57dc-11ea-8250-001a7dda7113,02,0_699.jpg
2f2c31d8-57dc-11ea-93a2-001a7dda7113,57081,0_7.jpg
32c97922-57dc-11ea-9378-001a7dda7113,632,0_70.jpg
5a5b57e6-57dc-11ea-8443-001a7dda7113,151,0_700.jpg
5a69f312-57dc-11ea-8fde-001a7dda7113,4566,0_701.jpg
5a7b7348-57dc-11ea-bff0-001a7dda7113,702762,0_702.jpg
5a8ad20a-57dc-11ea-96d1-001a7dda7113,328,0_703.jpg
5a9689d2-57dc-11ea-a00e-001a7dda7113,823,0_704.jpg
5aabd800-57dc-11ea-9a6d-001a7dda7113,85291062,0_705.jpg
5ab98a3a-57dc-11ea-b996-001a7dda7113,735,0_706.jpg
5ac56900-57dc-11ea-b2dc-001a7dda7113,0788,0_707.jpg
5ad32f0a-57dc-11ea-97ea-001a7dda7113,828,0_708.jpg
5adeacb4-57dc-11ea-9b72-001a7dda7113,605,0_709.jpg
32dc30f4-57dc-11ea-9855-001a7dda7113,2226,0_71.jpg
5af1d96e-57dc-11ea-82bd-001a7dda7113,8829125,0_710.jpg
5b00d73a-57dc-11ea-bd4a-001a7dda7113,82584,0_711.jpg
5b1478dc-57dc-11ea-bf69-001a7dda7113,52548,0_712.jpg
5b22c6ee-57dc-11ea-a918-001a7dda7113,680708,0_713.jpg
5b2e09da-57dc-11ea-b2f7-001a7dda7113,952,0_714.jpg
5b3a8476-57dc-11ea-a517-001a7dda7113,0428,0_715.jpg
5b4c798c-57dc-11ea-9d37-001a7dda7113,3503,0_716.jpg
5b5de690-57dc-11ea-8271-001a7dda7113,007,0_717.jpg
5b6f2ca2-57dc-11ea-95fe-001a7dda7113,00026,0_718.jpg
5b7f752e-57dc-11ea-aaa4-001a7dda7113,75225,0_719.jpg
32ec7976-57dc-11ea-aafb-001a7dda7113,60512,0_72.jpg
5b9316d0-57dc-11ea-9686-001a7dda7113,7225,0_720.jpg
5ba3d436-57dc-11ea-a695-001a7dda7113,07368,0_721.jpg
5bb5b614-57dc-11ea-b589-001a7dda7113,780535,0_722.jpg
5bc27e98-57dc-11ea-9136-001a7dda7113,84,0_723.jpg
5bd009e6-57dc-11ea-b3ab-001a7dda7113,8,0_724.jpg
5bdf8fa4-57dc-11ea-8c29-001a7dda7113,22,0_725.jpg
5bf4cab8-57dc-11ea-9f12-001a7dda7113,2505,0_726.jpg
5c06d388-57dc-11ea-af1b-001a7dda7113,48625,0_727.jpg
5c1361d2-57dc-11ea-a63b-001a7dda7113,144,0_728.jpg
5c2f3b34-57dc-11ea-8585-001a7dda7113,3553022,0_729.jpg
32f76e7e-57dc-11ea-a631-001a7dda7113,346,0_73.jpg
5c3faab4-57dc-11ea-a179-001a7dda7113,02265,0_730.jpg
5c4f7e5e-57dc-11ea-b124-001a7dda7113,82161,0_731.jpg
5c6346f6-57dc-11ea-8a96-001a7dda7113,460520,0_732.jpg
5c7ba0ec-57dc-11ea-998d-001a7dda7113,51700,0_733.jpg
5c92c290-57dc-11ea-9222-001a7dda7113,142,0_734.jpg
5cac2d28-57dc-11ea-9b58-001a7dda7113,102101,0_735.jpg
5cba544c-57dc-11ea-b855-001a7dda7113,2,0_736.jpg
5cc694ba-57dc-11ea-ad31-001a7dda7113,227,0_737.jpg
5cd99a80-57dc-11ea-8908-001a7dda7113,25432,0_738.jpg
5ce48f86-57dc-11ea-a296-001a7dda7113,08,0_739.jpg
3302b164-57dc-11ea-a00f-001a7dda7113,9865,0_74.jpg
5cf43cae-57dc-11ea-899a-001a7dda7113,5882,0_740.jpg
5d0e1ba4-57dc-11ea-82c9-001a7dda7113,988225,0_741.jpg
5d195e9a-57dc-11ea-ad42-001a7dda7113,79672,0_742.jpg
5d2bdc42-57dc-11ea-b3f9-001a7dda7113,5482842,0_743.jpg
5d37940a-57dc-11ea-9d63-001a7dda7113,62725,0_744.jpg
5d4c3342-57dc-11ea-b6c5-001a7dda7113,13753,0_745.jpg
5d6b8ca6-57dc-11ea-be5f-001a7dda7113,222,0_746.jpg
5d7ac474-57dc-11ea-997a-001a7dda7113,4676,0_747.jpg
5d89263e-57dc-11ea-8b16-001a7dda7113,220,0_748.jpg
5da22f34-57dc-11ea-bcfb-001a7dda7113,23165,0_749.jpg
330c20d0-57dc-11ea-abc1-001a7dda7113,2744,0_75.jpg
5db23d9c-57dc-11ea-9423-001a7dda7113,4309,0_750.jpg
5dbf40d0-57dc-11ea-9d02-001a7dda7113,96,0_751.jpg
5dcfd748-57dc-11ea-a67a-001a7dda7113,48092,0_752.jpg
5ddb8f12-57dc-11ea-89c3-001a7dda7113,1681,0_753.jpg
5dee81ae-57dc-11ea-9596-001a7dda7113,043,0_754.jpg
5dfcf6b8-57dc-11ea-aa03-001a7dda7113,2723,0_755.jpg
5e0812b0-57dc-11ea-8206-001a7dda7113,477,0_756.jpg
5e13559a-57dc-11ea-bb2b-001a7dda7113,01642,0_757.jpg
5e1e7190-57dc-11ea-adec-001a7dda7113,5,0_758.jpg
5e39612e-57dc-11ea-bf0c-001a7dda7113,8292005,0_759.jpg
33160518-57dc-11ea-864b-001a7dda7113,3243,0_76.jpg
5e4a941c-57dc-11ea-a616-001a7dda7113,644,0_760.jpg
5e649a00-57dc-11ea-bf3c-001a7dda7113,4388878,0_761.jpg
5e751d38-57dc-11ea-826c-001a7dda7113,020,0_762.jpg
5e90a8be-57dc-11ea-a7af-001a7dda7113,54657,0_763.jpg
5e9f3178-57dc-11ea-923c-001a7dda7113,280,0_764.jpg
5eaf3ffe-57dc-11ea-b735-001a7dda7113,088,0_765.jpg
5ebd7ae4-57dc-11ea-9b4c-001a7dda7113,8052,0_766.jpg
5ece384a-57dc-11ea-ab01-001a7dda7113,209702,0_767.jpg
5edfb880-57dc-11ea-b69a-001a7dda7113,10738,0_768.jpg
5eec5a0c-57dc-11ea-8434-001a7dda7113,055,0_769.jpg
331f2698-57dc-11ea-9a43-001a7dda7113,052,0_77.jpg
5efda024-57dc-11ea-bcbc-001a7dda7113,5920,0_770.jpg
5f10ccec-57dc-11ea-acf2-001a7dda7113,0826288,0_771.jpg
5f1e7f1c-57dc-11ea-99f5-001a7dda7113,040,0_772.jpg
5f385e9c-57dc-11ea-abb0-001a7dda7113,8227026,0_773.jpg
5f491bfe-57dc-11ea-934e-001a7dda7113,52843,0_774.jpg
5f59169e-57dc-11ea-b38c-001a7dda7113,2718,0_775.jpg
5f7870d4-57dc-11ea-868a-001a7dda7113,2278,0_776.jpg
5f8c126c-57dc-11ea-85dd-001a7dda7113,6,0_777.jpg
5f9a8776-57dc-11ea-ba9e-001a7dda7113,413,0_778.jpg
5fa8d590-57dc-11ea-8a63-001a7dda7113,105,0_779.jpg
33296c82-57dc-11ea-a77f-001a7dda7113,22,0_78.jpg
5fb69b8c-57dc-11ea-bb57-001a7dda7113,789,0_780.jpg
5fc2dbf6-57dc-11ea-aad3-001a7dda7113,76,0_781.jpg
5fcf08ac-57dc-11ea-997b-001a7dda7113,582,0_782.jpg
5fdd56b6-57dc-11ea-b9a7-001a7dda7113,983,0_783.jpg
5ff340be-57dc-11ea-87d5-001a7dda7113,775564,0_784.jpg
6009c690-57dc-11ea-9496-001a7dda7113,8216875,0_785.jpg
60172ae6-57dc-11ea-b676-001a7dda7113,972,0_786.jpg
6024f0e2-57dc-11ea-b393-001a7dda7113,26326,0_787.jpg
603317f6-57dc-11ea-8f1e-001a7dda7113,82856,0_788.jpg
603f44ac-57dc-11ea-9033-001a7dda7113,5223,0_789.jpg
3335723e-57dc-11ea-893b-001a7dda7113,17382,0_79.jpg
6053f776-57dc-11ea-9dbf-001a7dda7113,238132,0_790.jpg
60637d3a-57dc-11ea-a116-001a7dda7113,70808,0_791.jpg
606e244c-57dc-11ea-8761-001a7dda7113,5446,0_792.jpg
608200a2-57dc-11ea-a73b-001a7dda7113,407325,0_793.jpg
608ec926-57dc-11ea-ad7b-001a7dda7113,5780,0_794.jpg
609d6528-57dc-11ea-93b2-001a7dda7113,822,0_795.jpg
60b2a030-57dc-11ea-a3d9-001a7dda7113,8362782,0_796.jpg
60c0b426-57dc-11ea-8a06-001a7dda7113,44552,0_797.jpg
60ccf4a4-57dc-11ea-8cd0-001a7dda7113,1130,0_798.jpg
60dee9c6-57dc-11ea-a43d-001a7dda7113,429083,0_799.jpg
2f363d14-57dc-11ea-a2c5-001a7dda7113,5858,0_8.jpg
33402d06-57dc-11ea-ab3e-001a7dda7113,8820,0_80.jpg
60f61f28-57dc-11ea-aa24-001a7dda7113,67862,0_800.jpg
61046d42-57dc-11ea-a318-001a7dda7113,288,0_801.jpg
611883c2-57dc-11ea-a472-001a7dda7113,61747,0_802.jpg
612c8708-57dc-11ea-bfbb-001a7dda7113,4390,0_803.jpg
614aa8d0-57dc-11ea-987d-001a7dda7113,930526,0_804.jpg
615f346c-57dc-11ea-ac83-001a7dda7113,8683,0_805.jpg
618061de-57dc-11ea-841d-001a7dda7113,828285,0_806.jpg
6194da1c-57dc-11ea-b1fc-001a7dda7113,6382,0_807.jpg
61ac49b4-57dc-11ea-966d-001a7dda7113,2428,0_808.jpg
61c9f694-57dc-11ea-a187-001a7dda7113,7278042,0_809.jpg
33511168-57dc-11ea-8db9-001a7dda7113,282654,0_81.jpg
61e63234-57dc-11ea-adf2-001a7dda7113,510733,0_810.jpg
62058b9c-57dc-11ea-b99b-001a7dda7113,7822,0_811.jpg
621b147e-57dc-11ea-aa06-001a7dda7113,3775,0_812.jpg
622f78e8-57dc-11ea-9a1d-001a7dda7113,48,0_813.jpg
6240d234-57dc-11ea-94cc-001a7dda7113,258,0_814.jpg
625b9ad8-57dc-11ea-bffc-001a7dda7113,642560,0_815.jpg
6279bc9e-57dc-11ea-873c-001a7dda7113,21389,0_816.jpg
62929e82-57dc-11ea-af5a-001a7dda7113,82327,0_817.jpg
62af2782-57dc-11ea-b887-001a7dda7113,202,0_818.jpg
62c9f036-57dc-11ea-af42-001a7dda7113,10926737,0_819.jpg
336180ec-57dc-11ea-ac71-001a7dda7113,883039,0_82.jpg
62e660ba-57dc-11ea-8dc6-001a7dda7113,529286,0_820.jpg
62fa7c8c-57dc-11ea-9cc0-001a7dda7113,00253,0_821.jpg
6310668a-57dc-11ea-923a-001a7dda7113,285,0_822.jpg
6322f8f6-57dc-11ea-bcc3-001a7dda7113,824,0_823.jpg
633bc5a4-57dc-11ea-bb01-001a7dda7113,00722,0_824.jpg
634fdc24-57dc-11ea-8dc5-001a7dda7113,348,0_825.jpg
63636a92-57dc-11ea-9fea-001a7dda7113,8230,0_826.jpg
637a1754-57dc-11ea-a08f-001a7dda7113,8274,0_827.jpg
6389eb02-57dc-11ea-a9e5-001a7dda7113,237,0_828.jpg
63ac1566-57dc-11ea-8a29-001a7dda7113,3868720,0_829.jpg
336ceacc-57dc-11ea-8e83-001a7dda7113,54,0_83.jpg
63cd7d0c-57dc-11ea-8221-001a7dda7113,223858,0_830.jpg
63e2f22e-57dc-11ea-8e9d-001a7dda7113,095,0_831.jpg
63fe574c-57dc-11ea-a4ef-001a7dda7113,6804683,0_832.jpg
641170d0-57dc-11ea-8eac-001a7dda7113,25,0_833.jpg
642317f4-57dc-11ea-9c34-001a7dda7113,98735,0_834.jpg
6437b718-57dc-11ea-8425-001a7dda7113,82888883828,0_835.jpg
645134e4-57dc-11ea-832c-001a7dda7113,987,0_836.jpg
646350f0-57dc-11ea-8357-001a7dda7113,8232,0_837.jpg
6480d6de-57dc-11ea-b7ce-001a7dda7113,25222,0_838.jpg
649a8ecc-57dc-11ea-b776-001a7dda7113,860526,0_839.jpg
33782db8-57dc-11ea-a7d1-001a7dda7113,76,0_84.jpg
64abe812-57dc-11ea-b823-001a7dda7113,796,0_840.jpg
64bd1a62-57dc-11ea-94f0-001a7dda7113,006,0_841.jpg
64df0a12-57dc-11ea-8e72-001a7dda7113,002126,0_842.jpg
64f0771c-57dc-11ea-8000-001a7dda7113,768,0_843.jpg
6507728c-57dc-11ea-8fb2-001a7dda7113,0237,0_844.jpg
6520b5a4-57dc-11ea-9896-001a7dda7113,3248,0_845.jpg
6539e580-57dc-11ea-a688-001a7dda7113,228821,0_846.jpg
6556f692-57dc-11ea-be0e-001a7dda7113,02768,0_847.jpg
65720dfa-57dc-11ea-a330-001a7dda7113,88,0_848.jpg
6593759e-57dc-11ea-a9d2-001a7dda7113,2852,0_849.jpg
338211fe-57dc-11ea-b75c-001a7dda7113,25,0_85.jpg
65c16bc2-57dc-11ea-95e8-001a7dda7113,68298,0_850.jpg
65d4bf78-57dc-11ea-8a5f-001a7dda7113,3289,0_851.jpg
65e72968-57dc-11ea-9f71-001a7dda7113,4286,0_852.jpg
65fb53a8-57dc-11ea-9579-001a7dda7113,648,0_853.jpg
6610b59c-57dc-11ea-b4d5-001a7dda7113,203,0_854.jpg
6620894a-57dc-11ea-bbd6-001a7dda7113,282,0_855.jpg
66364ce2-57dc-11ea-9b73-001a7dda7113,088732,0_856.jpg
664f7cc2-57dc-11ea-95fa-001a7dda7113,645825,0_857.jpg
66665086-57dc-11ea-b063-001a7dda7113,85508,0_858.jpg
6675d64a-57dc-11ea-8548-001a7dda7113,6720,0_859.jpg
338ce00c-57dc-11ea-b81a-001a7dda7113,2666,0_86.jpg
66861ed2-57dc-11ea-859d-001a7dda7113,22,0_860.jpg
669ad124-57dc-11ea-a283-001a7dda7113,42,0_861.jpg
66aadf80-57dc-11ea-906d-001a7dda7113,3033,0_862.jpg
66c4707e-57dc-11ea-806f-001a7dda7113,852227,0_863.jpg
66e05da4-57dc-11ea-96b6-001a7dda7113,7366855,0_864.jpg
66f65b5c-57dc-11ea-997f-001a7dda7113,026,0_865.jpg
670bbd4a-57dc-11ea-b6c9-001a7dda7113,7266,0_866.jpg
6724d970-57dc-11ea-875e-001a7dda7113,483238,0_867.jpg
673d32b6-57dc-11ea-9fcb-001a7dda7113,528264,0_868.jpg
6751f906-57dc-11ea-9f39-001a7dda7113,27488266,0_869.jpg
339b41e8-57dc-11ea-8876-001a7dda7113,272,0_87.jpg
675f2324-57dc-11ea-ac7b-001a7dda7113,852,0_870.jpg
6778dba6-57dc-11ea-9779-001a7dda7113,087158,0_871.jpg
67916fc2-57dc-11ea-8721-001a7dda7113,444574,0_872.jpg
67a401f6-57dc-11ea-9c21-001a7dda7113,3550,0_873.jpg
67b3d45e-57dc-11ea-b51e-001a7dda7113,58250,0_874.jpg
67c57b86-57dc-11ea-97a7-001a7dda7113,563,0_875.jpg
67d7e580-57dc-11ea-bebd-001a7dda7113,848,0_876.jpg
67e5e5a2-57dc-11ea-8857-001a7dda7113,5586,0_877.jpg
67fbe37a-57dc-11ea-bdd2-001a7dda7113,58072,0_878.jpg
680dec52-57dc-11ea-b89b-001a7dda7113,440,0_879.jpg
33a8a63e-57dc-11ea-8021-001a7dda7113,219,0_88.jpg
68223d98-57dc-11ea-941f-001a7dda7113,8228,0_880.jpg
683459a8-57dc-11ea-85df-001a7dda7113,088,0_881.jpg
684b0674-57dc-11ea-bd1f-001a7dda7113,260882,0_882.jpg
686d30f0-57dc-11ea-b258-001a7dda7113,70218,0_883.jpg
6881f708-57dc-11ea-96ec-001a7dda7113,45582,0_884.jpg
689e1edc-57dc-11ea-9124-001a7dda7113,8236225,0_885.jpg
68b25c58-57dc-11ea-b61f-001a7dda7113,21146,0_886.jpg
68c5621e-57dc-11ea-b3aa-001a7dda7113,68286,0_887.jpg
68decc2e-57dc-11ea-bbf0-001a7dda7113,2607,0_888.jpg
68fcc700-57dc-11ea-9f48-001a7dda7113,55027,0_889.jpg
33b9b194-57dc-11ea-87c6-001a7dda7113,28,0_89.jpg
6911046e-57dc-11ea-9441-001a7dda7113,64889,0_890.jpg
6926b440-57dc-11ea-bc92-001a7dda7113,2017823,0_891.jpg
694869d8-57dc-11ea-8abd-001a7dda7113,07047,0_892.jpg
696c40ca-57dc-11ea-ac3e-001a7dda7113,03723,0_893.jpg
697ee58a-57dc-11ea-ac8c-001a7dda7113,0071,0_894.jpg
699ae68a-57dc-11ea-9df6-001a7dda7113,320,0_895.jpg
69adec58-57dc-11ea-961f-001a7dda7113,6102,0_896.jpg
69bd85ee-57dc-11ea-8939-001a7dda7113,0384,0_897.jpg
69d8c368-57dc-11ea-acee-001a7dda7113,7565804,0_898.jpg
69ec3e18-57dc-11ea-9e91-001a7dda7113,08850,0_899.jpg
2f3f5e98-57dc-11ea-b8fe-001a7dda7113,683,0_9.jpg
33c89b80-57dc-11ea-9e68-001a7dda7113,1405,0_90.jpg
6a011762-57dc-11ea-8eb6-001a7dda7113,83855,0_900.jpg
6a146b18-57dc-11ea-af1f-001a7dda7113,8609302,0_901.jpg
6a261246-57dc-11ea-be32-001a7dda7113,13802,0_902.jpg
6a3fde1a-57dc-11ea-8466-001a7dda7113,5604323,0_903.jpg
6a4f9e78-57dc-11ea-8e14-001a7dda7113,22,0_904.jpg
6a600df8-57dc-11ea-be1b-001a7dda7113,8825,0_905.jpg
6a7bd43a-57dc-11ea-a69f-001a7dda7113,8200,0_906.jpg
6a8d5468-57dc-11ea-88bf-001a7dda7113,9024,0_907.jpg
6aa45046-57dc-11ea-9a2e-001a7dda7113,8384567,0_908.jpg
6ac14e22-57dc-11ea-a86f-001a7dda7113,20863,0_909.jpg
33d40562-57dc-11ea-9b75-001a7dda7113,232,0_91.jpg
6ad2ce58-57dc-11ea-a6d0-001a7dda7113,44,0_910.jpg
6ae2541c-57dc-11ea-ab10-001a7dda7113,052,0_911.jpg
6aefdf5c-57dc-11ea-b6de-001a7dda7113,85,0_912.jpg
6b0838b6-57dc-11ea-9a3c-001a7dda7113,3239232,0_913.jpg
6b21b67a-57dc-11ea-ad7a-001a7dda7113,042727,0_914.jpg
6b2fdd94-57dc-11ea-aa0c-001a7dda7113,668,0_915.jpg
6b458d6e-57dc-11ea-8285-001a7dda7113,300,0_916.jpg
6b5e353a-57dc-11ea-b5ad-001a7dda7113,393,0_917.jpg
6b79c0b4-57dc-11ea-96f1-001a7dda7113,337257,0_918.jpg
6b8e2522-57dc-11ea-86b9-001a7dda7113,32758,0_919.jpg
33df9638-57dc-11ea-bb7d-001a7dda7113,28674,0_92.jpg
6ba0682c-57dc-11ea-871e-001a7dda7113,875,0_920.jpg
6bb6ef48-57dc-11ea-a642-001a7dda7113,203,0_921.jpg
6bcbb4c6-57dc-11ea-8852-001a7dda7113,28,0_922.jpg
6bdfdf00-57dc-11ea-9287-001a7dda7113,8452,0_923.jpg
6bf9e4e6-57dc-11ea-9241-001a7dda7113,3279,0_924.jpg
6c0b3ea4-57dc-11ea-a9eb-001a7dda7113,28462,0_925.jpg
6c21ebec-57dc-11ea-b19b-001a7dda7113,35260,0_926.jpg
6c37cdcc-57dc-11ea-a146-001a7dda7113,1838,0_927.jpg
6c49f27e-57dc-11ea-aba4-001a7dda7113,22,0_928.jpg
6c59c624-57dc-11ea-a612-001a7dda7113,745,0_929.jpg
33f3fa9c-57dc-11ea-8e0e-001a7dda7113,9455567,0_93.jpg
6c6a838c-57dc-11ea-b6a6-001a7dda7113,82,0_930.jpg
6c79cf1e-57dc-11ea-b92f-001a7dda7113,083,0_931.jpg
6c90b6c6-57dc-11ea-8ec0-001a7dda7113,6652,0_932.jpg
6ca84d28-57dc-11ea-b890-001a7dda7113,126852,0_933.jpg
6cbcc552-57dc-11ea-b1a0-001a7dda7113,10505,0_934.jpg
6ccea762-57dc-11ea-a8b5-001a7dda7113,538,0_935.jpg
6ce62a9c-57dc-11ea-b0c2-001a7dda7113,20292,0_936.jpg
6cfd74a4-57dc-11ea-bc36-001a7dda7113,26240,0_937.jpg
6d0c994a-57dc-11ea-9401-001a7dda7113,21,0_938.jpg
6d214f5c-57dc-11ea-8d42-001a7dda7113,5788,0_939.jpg
34030b82-57dc-11ea-8b47-001a7dda7113,274504,0_94.jpg
6d35a09a-57dc-11ea-8e71-001a7dda7113,4964468,0_940.jpg
6d464aca-57dc-11ea-a6e0-001a7dda7113,505,0_941.jpg
6d565938-57dc-11ea-8e29-001a7dda7113,824,0_942.jpg
6d6bf54a-57dc-11ea-82b2-001a7dda7113,592342,0_943.jpg
6d8427a8-57dc-11ea-a558-001a7dda7113,08742,0_944.jpg
6d918c08-57dc-11ea-8893-001a7dda7113,28,0_945.jpg
6da19a68-57dc-11ea-aefb-001a7dda7113,733019,0_946.jpg
6db4db00-57dc-11ea-80b4-001a7dda7113,984,0_947.jpg
6dc7ba66-57dc-11ea-93b4-001a7dda7113,285,0_948.jpg
6dd753e6-57dc-11ea-a9b3-001a7dda7113,1282267,0_949.jpg
3415c364-57dc-11ea-bf0c-001a7dda7113,5872350,0_95.jpg
6de52d1a-57dc-11ea-9e40-001a7dda7113,06,0_950.jpg
6df43e98-57dc-11ea-968b-001a7dda7113,007,0_951.jpg
6e065ab4-57dc-11ea-aba5-001a7dda7113,02,0_952.jpg
6e1e669c-57dc-11ea-a0d4-001a7dda7113,93520,0_953.jpg
6e32164c-57dc-11ea-abd0-001a7dda7113,26237,0_954.jpg
6e40b7f8-57dc-11ea-9bbc-001a7dda7113,0296,0_955.jpg
6e674cdc-57dc-11ea-b721-001a7dda7113,52022,0_956.jpg
6e8756a4-57dc-11ea-aa6c-001a7dda7113,2526,0_957.jpg
6e9dc952-57dc-11ea-b4e1-001a7dda7113,452,0_958.jpg
6eb21a80-57dc-11ea-8c7f-001a7dda7113,5096,0_959.jpg
342951cc-57dc-11ea-9ea4-001a7dda7113,242842,0_96.jpg
6ec67eee-57dc-11ea-a6e4-001a7dda7113,2288,0_960.jpg
6ed58fcc-57dc-11ea-9d8c-001a7dda7113,1885498414448483448852,0_961.jpg
6ee5d85e-57dc-11ea-b8f5-001a7dda7113,088,0_962.jpg
6f0495f0-57dc-11ea-9592-001a7dda7113,568622,0_963.jpg
6f17af6e-57dc-11ea-877c-001a7dda7113,36723,0_964.jpg
6f379186-57dc-11ea-94cb-001a7dda7113,228820,0_965.jpg
6f4801c6-57dc-11ea-8158-001a7dda7113,333,0_966.jpg
6f5b693a-57dc-11ea-ba87-001a7dda7113,4322,0_967.jpg
6f6a66d0-57dc-11ea-95cd-001a7dda7113,0222,0_968.jpg
6f83497a-57dc-11ea-910f-001a7dda7113,4148532,0_969.jpg
343b6dd8-57dc-11ea-aee4-001a7dda7113,007205,0_97.jpg
6f9a7edc-57dc-11ea-9082-001a7dda7113,58853,0_970.jpg
6faa528a-57dc-11ea-8e61-001a7dda7113,358,0_971.jpg
6fbd315a-57dc-11ea-ba7e-001a7dda7113,03055,0_972.jpg
6fda4302-57dc-11ea-bb84-001a7dda7113,2752,0_973.jpg
6fec3814-57dc-11ea-b181-001a7dda7113,4556,0_974.jpg
70090eee-57dc-11ea-9e3b-001a7dda7113,228919,0_975.jpg
70265aba-57dc-11ea-bdff-001a7dda7113,7026,0_976.jpg
704247d8-57dc-11ea-974d-001a7dda7113,634272,0_977.jpg
70527d3a-57dc-11ea-8f33-001a7dda7113,083,0_978.jpg
7065d0f4-57dc-11ea-b914-001a7dda7113,220,0_979.jpg
3454b0ee-57dc-11ea-8301-001a7dda7113,5892780,0_98.jpg
7077c678-57dc-11ea-9d1c-001a7dda7113,0458,0_980.jpg
708d3ba4-57dc-11ea-a8ce-001a7dda7113,576627,0_981.jpg
709de800-57dc-11ea-9a26-001a7dda7113,823364,0_982.jpg
70be17f0-57dc-11ea-b00f-001a7dda7113,082262,0_983.jpg
70cf101c-57dc-11ea-b372-001a7dda7113,0882,0_984.jpg
70dcaf18-57dc-11ea-8678-001a7dda7113,278,0_985.jpg
70f861fa-57dc-11ea-981c-001a7dda7113,724506,0_986.jpg
710b696e-57dc-11ea-8a7e-001a7dda7113,472421,0_987.jpg
711bb1fa-57dc-11ea-b837-001a7dda7113,834,0_988.jpg
712b9964-57dc-11ea-be81-001a7dda7113,007,0_989.jpg
346b84ae-57dc-11ea-8019-001a7dda7113,22218,0_99.jpg
713abe12-57dc-11ea-baea-001a7dda7113,92,0_990.jpg
71524176-57dc-11ea-ba00-001a7dda7113,8502,0_991.jpg
71740a3a-57dc-11ea-b4ca-001a7dda7113,3730930,0_992.jpg
71851588-57dc-11ea-a7b7-001a7dda7113,00,0_993.jpg
719ab1a6-57dc-11ea-a2e0-001a7dda7113,8223,0_994.jpg
71acf4a4-57dc-11ea-9126-001a7dda7113,3828,0_995.jpg
71c08302-57dc-11ea-95de-001a7dda7113,48223,0_996.jpg
71da75ba-57dc-11ea-ac06-001a7dda7113,6221266,0_997.jpg
71f7d4ac-57dc-11ea-8120-001a7dda7113,48,0_998.jpg
72138794-57dc-11ea-8382-001a7dda7113,7282,0_999.jpg
